url,seo_nombre,estado,kb_orig,kb_opt,reduccion_%
https://talleresdeteatro.es/wp-content/uploads/2023/11/cropped-icono-taller-de-teatro-270x270.png,icono-talleres-de-teatro-barcelona.jpg,OK,14.6,6.7,54.3
https://talleresdeteatro.es/wp-content/uploads/2023/12/cropped-logo-talleresdeteatro.es_.png,logo-talleres-de-teatro-barcelona.jpg,OK,8.7,23.8,-173.8
https://talleresdeteatro.es/wp-content/uploads/2023/12/CANDELARIA-SESIN.png,candelaria-sesin-actriz-profesora-teatro-barcelona.jpg,OK,2532.7,310.0,87.8
https://talleresdeteatro.es/wp-content/uploads/2024/08/MG_7176Foto-Estudio-Inglize-en-BAJAFoto-Estudio-Inglize-en-BAJA-edited-scaled.jpg,sebastian-mogordoy-director-actor-teatro-barcelona.jpg,OK,298.9,329.3,-10.2
https://talleresdeteatro.es/wp-content/uploads/2025/09/nosotros.png,sebastian-mogordoy-candelaria-sesin-profesores-teatro-barcelona.jpg,OK,769.1,219.1,71.5
https://talleresdeteatro.es/wp-content/uploads/2025/03/la-mansion1.png,espacio-la-mansion-coworking-roger-flor-barcelona.jpg,OK,65.0,54.6,16.1
https://talleresdeteatro.es/wp-content/uploads/2025/03/avsnados.png,nivel-avanzados-entrenamiento-actoral-teatro-barcelona.jpg,OK,811.9,212.2,73.9
https://talleresdeteatro.es/wp-content/uploads/2025/08/INSCRIBIR-LO-PROPIO.png,inscribir-lo-propio-taller-teatro-intermedios-barcelona.jpg,OK,1132.9,271.6,76.0
https://talleresdeteatro.es/wp-content/uploads/2025/08/creacion-1.png,la-creacion-del-artificio-taller-teatro-principiantes-barcelona.jpg,OK,1210.0,244.0,79.8
https://talleresdeteatro.es/wp-content/uploads/2025/08/TEATRO-EN-BARCELONA-1.png,teatro-en-barcelona-entrenamiento-actoral-intermedios.jpg,OK,642.5,170.8,73.4
https://talleresdeteatro.es/wp-content/uploads/2026/04/CLASES-DE-TEATRO.png,clases-de-teatro-barcelona-principiantes-intermedios-avanzados.jpg,OK,6047.7,609.0,89.9
https://talleresdeteatro.es/wp-content/uploads/2026/04/Capa-1-2.png,cartel-informativo-talleres-de-teatro-barcelona-2026.jpg,OK,22.0,8.4,61.6
https://talleresdeteatro.es/wp-content/uploads/2023/12/MG_6183-scaled.jpg,clase-teatro-intermedios-barcelona-ensayo-01.jpg,OK,338.2,342.2,-1.2
https://talleresdeteatro.es/wp-content/uploads/2023/12/MG_6285-scaled.jpg,clase-teatro-intermedios-barcelona-ensayo-02.jpg,OK,298.2,312.6,-4.8
https://talleresdeteatro.es/wp-content/uploads/2023/11/MG_6399.jpg,clase-teatro-barcelona-foto-estudio-01.jpg,OK,538.6,619.9,-15.1
https://talleresdeteatro.es/wp-content/uploads/2023/11/MG_6447.jpg,clase-teatro-barcelona-foto-estudio-02.jpg,OK,445.0,505.7,-13.6
https://talleresdeteatro.es/wp-content/uploads/2023/12/escuela-de-teatro-162.jpeg,escuela-de-teatro-barcelona-espacio-la-mansion.jpg,OK,254.0,104.8,58.7
https://talleresdeteatro.es/wp-content/uploads/2023/12/Large.jpeg,clase-teatro-barcelona-grupo-1.jpg,OK,251.4,255.3,-1.6
https://talleresdeteatro.es/wp-content/uploads/2023/11/vibre.png,vibra-taller-de-teatro-barcelona.jpg,OK,3795.4,646.4,83.0
https://talleresdeteatro.es/wp-content/uploads/2025/03/la-creacion-del-artificio-1.png,la-creacion-del-artificio-cartel-taller-principiantes.jpg,OK,580.7,148.1,74.5
https://talleresdeteatro.es/wp-content/uploads/2026/04/Gemini_Generated_Image_jek1ksjek1ksjek1-scaled.png,entrenamiento-actoral-teatro-barcelona-imagen.jpg,OK,4348.1,435.1,90.0
https://talleresdeteatro.es/wp-content/uploads/2026/04/LOGO_RGB_T_TEATRE_LLIURE_BLANCO-1.png,logo-teatre-lliure-barcelona.jpg,OK,45.5,9.2,79.9
https://talleresdeteatro.es/wp-content/uploads/2026/04/logotc_comunidad-1.png,logo-teatro-comunidad-barcelona.jpg,OK,16.1,10.5,34.5
https://talleresdeteatro.es/wp-content/uploads/2023/12/PXL_20230523_18282287021-Large.jpeg,clase-teatro-barcelona-mayo-2023-sesion-1-001.jpg,OK,154.6,155.8,-0.8
https://talleresdeteatro.es/wp-content/uploads/2023/12/PXL_20230523_1830477222-02-Large.jpeg,clase-teatro-barcelona-mayo-2023-sesion-1-002.jpg,OK,135.5,137.0,-1.1
https://talleresdeteatro.es/wp-content/uploads/2023/12/PXL_20230523_1831526292-Large.jpeg,clase-teatro-barcelona-mayo-2023-sesion-1-003.jpg,OK,271.1,273.3,-0.8
https://talleresdeteatro.es/wp-content/uploads/2023/12/PXL_20230523_183158674-Large.jpeg,clase-teatro-barcelona-mayo-2023-sesion-1-004.jpg,OK,214.0,215.5,-0.7
https://talleresdeteatro.es/wp-content/uploads/2023/12/PXL_20230523_1831586741-Large.jpeg,clase-teatro-barcelona-mayo-2023-sesion-1-005.jpg,OK,216.5,218.0,-0.7
https://talleresdeteatro.es/wp-content/uploads/2023/12/PXL_20230523_183525287-Large.jpeg,clase-teatro-barcelona-mayo-2023-sesion-1-006.jpg,OK,132.3,132.6,-0.3
https://talleresdeteatro.es/wp-content/uploads/2023/12/PXL_20230523_184621637-Large.jpeg,clase-teatro-barcelona-mayo-2023-sesion-1-007.jpg,OK,86.8,88.7,-2.3
https://talleresdeteatro.es/wp-content/uploads/2023/12/PXL_20230523_184708352-Large.jpeg,clase-teatro-barcelona-mayo-2023-sesion-1-008.jpg,OK,144.1,146.0,-1.4
https://talleresdeteatro.es/wp-content/uploads/2023/12/PXL_20230523_184821346-Large.jpeg,clase-teatro-barcelona-mayo-2023-sesion-1-009.jpg,OK,129.1,130.8,-1.3
https://talleresdeteatro.es/wp-content/uploads/2023/12/PXL_20230523_185331916-Large.jpeg,clase-teatro-barcelona-mayo-2023-sesion-1-010.jpg,OK,161.2,162.4,-0.8
https://talleresdeteatro.es/wp-content/uploads/2023/12/PXL_20230523_185337080-Large.jpeg,clase-teatro-barcelona-mayo-2023-sesion-1-011.jpg,OK,154.5,155.9,-0.9
https://talleresdeteatro.es/wp-content/uploads/2023/12/PXL_20230523_185409367-01-Large.jpeg,clase-teatro-barcelona-mayo-2023-sesion-1-012.jpg,OK,262.2,265.0,-1.1
https://talleresdeteatro.es/wp-content/uploads/2023/12/PXL_20230523_185949270-Large.jpeg,clase-teatro-barcelona-mayo-2023-sesion-1-013.jpg,OK,89.3,91.1,-2.1
https://talleresdeteatro.es/wp-content/uploads/2023/12/PXL_20230523_191403589-Large.jpeg,clase-teatro-barcelona-mayo-2023-sesion-1-014.jpg,OK,287.0,288.8,-0.6
https://talleresdeteatro.es/wp-content/uploads/2023/12/PXL_20230523_1914035891-Large.jpeg,clase-teatro-barcelona-mayo-2023-sesion-1-015.jpg,OK,289.0,290.7,-0.6
https://talleresdeteatro.es/wp-content/uploads/2023/12/PXL_20230523_192144676-Large.jpeg,clase-teatro-barcelona-mayo-2023-sesion-1-016.jpg,OK,99.5,101.4,-1.9
https://talleresdeteatro.es/wp-content/uploads/2023/12/PXL_20230523_1929502142-Large.jpeg,clase-teatro-barcelona-mayo-2023-sesion-1-017.jpg,OK,148.6,150.4,-1.2
https://talleresdeteatro.es/wp-content/uploads/2023/12/PXL_20230523_195317404_exported_1095_1684914613148-Large.jpeg,clase-teatro-barcelona-mayo-2023-sesion-1-018.jpg,OK,141.2,142.2,-0.7
https://talleresdeteatro.es/wp-content/uploads/2023/12/PXL_20230523_195322734_exported_673_16849145288822-Large.jpeg,clase-teatro-barcelona-mayo-2023-sesion-1-019.jpg,OK,144.7,145.5,-0.6
https://talleresdeteatro.es/wp-content/uploads/2023/12/PXL_20230523_195409569-Large.jpeg,clase-teatro-barcelona-mayo-2023-sesion-1-020.jpg,OK,128.4,128.9,-0.5
https://talleresdeteatro.es/wp-content/uploads/2023/12/PXL_20230523_195609489-Large.jpeg,clase-teatro-barcelona-mayo-2023-sesion-1-021.jpg,OK,138.5,139.8,-1.0
https://talleresdeteatro.es/wp-content/uploads/2023/12/PXL_20230523_1956560901-Large.jpeg,clase-teatro-barcelona-mayo-2023-sesion-1-022.jpg,OK,143.3,145.2,-1.3
https://talleresdeteatro.es/wp-content/uploads/2023/12/PXL_20230523_195731833-Large.jpeg,clase-teatro-barcelona-mayo-2023-sesion-1-023.jpg,OK,138.8,140.7,-1.4
https://talleresdeteatro.es/wp-content/uploads/2023/12/PXL_20230523_195839379-Large.jpeg,clase-teatro-barcelona-mayo-2023-sesion-1-024.jpg,OK,209.9,212.6,-1.3
https://talleresdeteatro.es/wp-content/uploads/2023/12/PXL_20230523_1958393791-Large.jpeg,clase-teatro-barcelona-mayo-2023-sesion-1-025.jpg,OK,210.8,213.6,-1.3
https://talleresdeteatro.es/wp-content/uploads/2023/12/PXL_20230523_195847436-Large.jpeg,clase-teatro-barcelona-mayo-2023-sesion-1-026.jpg,OK,223.0,225.4,-1.1
https://talleresdeteatro.es/wp-content/uploads/2023/12/PXL_20230523_195946064-Large.jpeg,clase-teatro-barcelona-mayo-2023-sesion-1-027.jpg,OK,204.1,206.1,-1.0
https://talleresdeteatro.es/wp-content/uploads/2023/12/PXL_20230523_195952397-Large.jpeg,clase-teatro-barcelona-mayo-2023-sesion-1-028.jpg,OK,177.7,179.8,-1.2
https://talleresdeteatro.es/wp-content/uploads/2023/12/PXL_20230524_174330895-Large.jpeg,clase-teatro-barcelona-mayo-2023-sesion-2-001.jpg,OK,97.0,98.6,-1.6
https://talleresdeteatro.es/wp-content/uploads/2023/12/PXL_20230524_180212657-Large.jpeg,clase-teatro-barcelona-mayo-2023-sesion-2-002.jpg,OK,161.0,163.0,-1.2
https://talleresdeteatro.es/wp-content/uploads/2023/12/PXL_20230524_180220696-Large.jpeg,clase-teatro-barcelona-mayo-2023-sesion-2-003.jpg,OK,116.7,118.3,-1.4
https://talleresdeteatro.es/wp-content/uploads/2023/12/PXL_20230524_180328560.MP-Large.jpeg,clase-teatro-barcelona-mayo-2023-sesion-2-004.jpg,OK,132.1,134.1,-1.5
https://talleresdeteatro.es/wp-content/uploads/2023/12/PXL_20230524_180912986-Large.jpeg,clase-teatro-barcelona-mayo-2023-sesion-2-005.jpg,OK,116.1,117.9,-1.5
https://talleresdeteatro.es/wp-content/uploads/2023/12/PXL_20230524_180923484-Large.jpeg,clase-teatro-barcelona-mayo-2023-sesion-2-006.jpg,OK,111.8,113.8,-1.7
https://talleresdeteatro.es/wp-content/uploads/2023/12/PXL_20230524_183034400.MP-Large.jpeg,clase-teatro-barcelona-mayo-2023-sesion-2-007.jpg,OK,126.1,127.5,-1.1
https://talleresdeteatro.es/wp-content/uploads/2023/12/PXL_20230524_183034400.MP1-Large.jpeg,clase-teatro-barcelona-mayo-2023-sesion-2-008.jpg,OK,126.1,127.5,-1.1
https://talleresdeteatro.es/wp-content/uploads/2023/12/PXL_20230524_184124350-Large.jpeg,clase-teatro-barcelona-mayo-2023-sesion-2-009.jpg,OK,159.8,161.6,-1.1
https://talleresdeteatro.es/wp-content/uploads/2023/12/PXL_20230524_184235518-Large.jpeg,clase-teatro-barcelona-mayo-2023-sesion-2-010.jpg,OK,107.5,109.6,-2.0
https://talleresdeteatro.es/wp-content/uploads/2023/12/PXL_20230524_184616770.MP-Large.jpeg,clase-teatro-barcelona-mayo-2023-sesion-2-011.jpg,OK,116.3,118.6,-2.0
https://talleresdeteatro.es/wp-content/uploads/2023/12/PXL_20230524_191621061-Large.jpeg,clase-teatro-barcelona-mayo-2023-sesion-2-012.jpg,OK,106.6,109.4,-2.6
https://talleresdeteatro.es/wp-content/uploads/2023/12/PXL_20230524_193100782-Large.jpeg,clase-teatro-barcelona-mayo-2023-sesion-2-013.jpg,OK,86.4,88.2,-2.1
https://talleresdeteatro.es/wp-content/uploads/2023/12/PXL_20230524_193404280-Large.jpeg,clase-teatro-barcelona-mayo-2023-sesion-2-014.jpg,OK,79.6,81.6,-2.4
https://talleresdeteatro.es/wp-content/uploads/2023/12/PXL_20230524_193605256-Large.jpeg,clase-teatro-barcelona-mayo-2023-sesion-2-015.jpg,OK,209.3,211.5,-1.1
https://talleresdeteatro.es/wp-content/uploads/2023/12/PXL_20230524_193613052-Large.jpeg,clase-teatro-barcelona-mayo-2023-sesion-2-016.jpg,OK,187.4,189.3,-1.1
https://talleresdeteatro.es/wp-content/uploads/2023/12/PXL_20230524_194843480-Large.jpeg,clase-teatro-barcelona-mayo-2023-sesion-2-017.jpg,OK,83.9,85.0,-1.3
https://talleresdeteatro.es/wp-content/uploads/2023/12/PXL_20230524_1948434801-Large.jpeg,clase-teatro-barcelona-mayo-2023-sesion-2-018.jpg,OK,85.5,87.5,-2.3
https://talleresdeteatro.es/wp-content/uploads/2023/12/PXL_20230524_195853733-Large.jpeg,clase-teatro-barcelona-mayo-2023-sesion-2-019.jpg,OK,255.6,258.8,-1.2
https://talleresdeteatro.es/wp-content/uploads/2023/12/PXL_20230524_1958537331-Large.jpeg,clase-teatro-barcelona-mayo-2023-sesion-2-020.jpg,OK,258.4,261.6,-1.3
https://talleresdeteatro.es/wp-content/uploads/2023/12/PXL_20230530_180100168-Large.jpeg,clase-teatro-barcelona-mayo-2023-sesion-3-001.jpg,OK,112.1,113.6,-1.3
https://talleresdeteatro.es/wp-content/uploads/2023/12/PXL_20230530_180745049-Large.jpeg,clase-teatro-barcelona-mayo-2023-sesion-3-002.jpg,OK,83.9,84.5,-0.8
https://talleresdeteatro.es/wp-content/uploads/2023/12/PXL_20230530_180850468-Large.jpeg,clase-teatro-barcelona-mayo-2023-sesion-3-003.jpg,OK,118.0,119.0,-0.8
https://talleresdeteatro.es/wp-content/uploads/2023/12/PXL_20230530_181215369-Large.jpeg,clase-teatro-barcelona-mayo-2023-sesion-3-004.jpg,OK,101.0,103.1,-2.0
https://talleresdeteatro.es/wp-content/uploads/2023/12/PXL_20230530_181351132-Large.jpeg,clase-teatro-barcelona-mayo-2023-sesion-3-005.jpg,OK,104.7,106.1,-1.3
https://talleresdeteatro.es/wp-content/uploads/2023/12/PXL_20230530_195129343.MP-Large.jpeg,clase-teatro-barcelona-mayo-2023-sesion-3-006.jpg,OK,168.5,170.3,-1.1
https://talleresdeteatro.es/wp-content/uploads/2023/12/PXL_20230530_195151446-Large.jpeg,clase-teatro-barcelona-mayo-2023-sesion-3-007.jpg,OK,189.7,191.4,-0.9
https://talleresdeteatro.es/wp-content/uploads/2023/12/PXL_20230531_170603475.MP-Large.jpeg,clase-teatro-barcelona-mayo-2023-sesion-4-001.jpg,OK,257.5,259.9,-0.9
https://talleresdeteatro.es/wp-content/uploads/2023/12/PXL_20230531_174729109-Large.jpeg,clase-teatro-barcelona-mayo-2023-sesion-4-002.jpg,OK,178.3,179.8,-0.8
https://talleresdeteatro.es/wp-content/uploads/2023/12/PXL_20230531_183126452-Large.jpeg,clase-teatro-barcelona-mayo-2023-sesion-4-003.jpg,OK,215.8,217.8,-0.9
https://talleresdeteatro.es/wp-content/uploads/2023/12/PXL_20230531_183755707-Large.jpeg,clase-teatro-barcelona-mayo-2023-sesion-4-004.jpg,OK,298.8,302.2,-1.1
https://talleresdeteatro.es/wp-content/uploads/2023/12/PXL_20230531_184013087-Large.jpeg,clase-teatro-barcelona-mayo-2023-sesion-4-005.jpg,OK,219.3,221.3,-0.9
https://talleresdeteatro.es/wp-content/uploads/2023/12/PXL_20230531_184029643.MP-01-Large.jpeg,clase-teatro-barcelona-mayo-2023-sesion-4-006.jpg,OK,457.9,462.0,-0.9
https://talleresdeteatro.es/wp-content/uploads/2023/12/PXL_20230531_191724218.PORTRAIT.ORIGINAL2-012-Large.jpeg,clase-teatro-barcelona-mayo-2023-sesion-4-007.jpg,OK,85.0,86.3,-1.6
https://talleresdeteatro.es/wp-content/uploads/2023/12/PXL_20230606_172115736-01-Large.jpeg,clase-teatro-barcelona-junio-2023-sesion-1-001.jpg,OK,99.5,100.2,-0.7
https://talleresdeteatro.es/wp-content/uploads/2023/12/PXL_20230606_175356830.MP-Large.jpeg,clase-teatro-barcelona-junio-2023-sesion-1-002.jpg,OK,224.4,226.1,-0.7
https://talleresdeteatro.es/wp-content/uploads/2023/12/PXL_20230606_185025884-Large.jpeg,clase-teatro-barcelona-junio-2023-sesion-1-003.jpg,OK,121.2,122.8,-1.4
https://talleresdeteatro.es/wp-content/uploads/2023/12/PXL_20230606_185033452-Large.jpeg,clase-teatro-barcelona-junio-2023-sesion-1-004.jpg,OK,190.6,191.9,-0.6
https://talleresdeteatro.es/wp-content/uploads/2023/12/PXL_20230606_190054692-Large.jpeg,clase-teatro-barcelona-junio-2023-sesion-1-005.jpg,OK,141.8,143.0,-0.9
https://talleresdeteatro.es/wp-content/uploads/2023/12/PXL_20230606_194019884.NIGHT-Large.jpeg,clase-teatro-barcelona-junio-2023-sesion-1-006.jpg,OK,151.8,153.6,-1.2
https://talleresdeteatro.es/wp-content/uploads/2023/12/PXL_20230606_194859846-Large.jpeg,clase-teatro-barcelona-junio-2023-sesion-1-007.jpg,OK,141.4,143.0,-1.2
https://talleresdeteatro.es/wp-content/uploads/2023/12/PXL_20230606_194912894-Large.jpeg,clase-teatro-barcelona-junio-2023-sesion-1-008.jpg,OK,167.8,169.6,-1.1
https://talleresdeteatro.es/wp-content/uploads/2023/12/PXL_20230606_194917922-Large.jpeg,clase-teatro-barcelona-junio-2023-sesion-1-009.jpg,OK,123.7,124.9,-1.0
https://talleresdeteatro.es/wp-content/uploads/2023/12/PXL_20230606_195341481-Large.jpeg,clase-teatro-barcelona-junio-2023-sesion-1-010.jpg,OK,116.5,117.4,-0.8
https://talleresdeteatro.es/wp-content/uploads/2023/12/PXL_20230606_195648235-Large.jpeg,clase-teatro-barcelona-junio-2023-sesion-1-011.jpg,OK,51.1,52.1,-2.0
https://talleresdeteatro.es/wp-content/uploads/2023/12/PXL_20230613_190030580-Large.jpeg,clase-teatro-barcelona-junio-2023-sesion-2-001.jpg,OK,100.8,102.9,-2.2
https://talleresdeteatro.es/wp-content/uploads/2023/12/PXL_20230613_191212942-Large.jpeg,clase-teatro-barcelona-junio-2023-sesion-2-002.jpg,OK,123.0,124.5,-1.2
https://talleresdeteatro.es/wp-content/uploads/2023/12/PXL_20230613_195358529-Large.jpeg,clase-teatro-barcelona-junio-2023-sesion-2-003.jpg,OK,166.4,167.4,-0.6
https://talleresdeteatro.es/wp-content/uploads/2023/12/PXL_20230613_200109320-Large.jpeg,clase-teatro-barcelona-junio-2023-sesion-2-004.jpg,OK,165.8,167.5,-1.1
https://talleresdeteatro.es/wp-content/uploads/2023/12/PXL_20230613_200634280-Large.jpeg,clase-teatro-barcelona-junio-2023-sesion-2-005.jpg,OK,168.4,169.7,-0.8
https://talleresdeteatro.es/wp-content/uploads/2023/12/PXL_20230614_173459728.MP-Large.jpeg,clase-teatro-barcelona-junio-2023-sesion-3-001.jpg,OK,272.1,276.2,-1.5
https://talleresdeteatro.es/wp-content/uploads/2023/12/PXL_20230614_175511033-Large.jpeg,clase-teatro-barcelona-junio-2023-sesion-3-002.jpg,OK,173.2,175.1,-1.1
https://talleresdeteatro.es/wp-content/uploads/2023/12/PXL_20230614_180641636.MP-Large.jpeg,clase-teatro-barcelona-junio-2023-sesion-3-003.jpg,OK,166.4,168.7,-1.4
https://talleresdeteatro.es/wp-content/uploads/2023/12/PXL_20230614_181732064.MP-Large.jpeg,clase-teatro-barcelona-junio-2023-sesion-3-004.jpg,OK,152.0,153.9,-1.2
https://talleresdeteatro.es/wp-content/uploads/2023/12/PXL_20230614_181742785.MP-Large.jpeg,clase-teatro-barcelona-junio-2023-sesion-3-005.jpg,OK,201.7,203.9,-1.1
https://talleresdeteatro.es/wp-content/uploads/2023/12/PXL_20230614_182429205-Large.jpeg,clase-teatro-barcelona-junio-2023-sesion-3-006.jpg,OK,206.4,208.5,-1.0
https://talleresdeteatro.es/wp-content/uploads/2023/12/PXL_20230614_184550272-Large.jpeg,clase-teatro-barcelona-junio-2023-sesion-3-007.jpg,OK,157.3,158.8,-1.0
https://talleresdeteatro.es/wp-content/uploads/2023/12/PXL_20230614_185343154-Large.jpeg,clase-teatro-barcelona-junio-2023-sesion-3-008.jpg,OK,224.7,226.7,-0.9
https://talleresdeteatro.es/wp-content/uploads/2023/12/PXL_20230614_190555703-Large.jpeg,clase-teatro-barcelona-junio-2023-sesion-3-009.jpg,OK,224.0,226.1,-0.9
https://talleresdeteatro.es/wp-content/uploads/2023/12/PXL_20230620_180343473-Large.jpeg,clase-teatro-barcelona-junio-2023-sesion-4-001.jpg,OK,189.0,190.9,-1.0
https://talleresdeteatro.es/wp-content/uploads/2023/12/PXL_20230620_180653664-Large.jpeg,clase-teatro-barcelona-junio-2023-sesion-4-002.jpg,OK,248.4,250.4,-0.8
https://talleresdeteatro.es/wp-content/uploads/2023/12/PXL_20230620_183403052-Large.jpeg,clase-teatro-barcelona-junio-2023-sesion-4-003.jpg,OK,155.0,157.0,-1.2
https://talleresdeteatro.es/wp-content/uploads/2023/12/PXL_20230620_183644272.MP-Large.jpeg,clase-teatro-barcelona-junio-2023-sesion-4-004.jpg,OK,161.3,163.1,-1.1
https://talleresdeteatro.es/wp-content/uploads/2023/12/PXL_20230620_183651868-Large.jpeg,clase-teatro-barcelona-junio-2023-sesion-4-005.jpg,OK,118.9,120.4,-1.2
https://talleresdeteatro.es/wp-content/uploads/2023/12/PXL_20230620_190725414.MP-Large.jpeg,clase-teatro-barcelona-junio-2023-sesion-4-006.jpg,OK,245.0,247.8,-1.1
https://talleresdeteatro.es/wp-content/uploads/2023/12/PXL_20230620_195240069.MP-Large.jpeg,clase-teatro-barcelona-junio-2023-sesion-4-007.jpg,OK,204.5,205.7,-0.6
https://talleresdeteatro.es/wp-content/uploads/2023/12/PXL_20230621_174505146-Large.jpeg,clase-teatro-barcelona-junio-2023-sesion-5-001.jpg,OK,169.7,171.1,-0.9
https://talleresdeteatro.es/wp-content/uploads/2023/12/PXL_20230621_174944828.MP-Large.jpeg,clase-teatro-barcelona-junio-2023-sesion-5-002.jpg,OK,203.5,205.8,-1.1
https://talleresdeteatro.es/wp-content/uploads/2023/12/PXL_20230621_175903901-Large.jpeg,clase-teatro-barcelona-junio-2023-sesion-5-003.jpg,OK,184.4,186.0,-0.9
https://talleresdeteatro.es/wp-content/uploads/2023/12/PXL_20230621_180254281-Large.jpeg,clase-teatro-barcelona-junio-2023-sesion-5-004.jpg,OK,160.7,161.8,-0.7
https://talleresdeteatro.es/wp-content/uploads/2023/12/PXL_20230621_184324536-Large-1.jpeg,clase-teatro-barcelona-junio-2023-sesion-5-005.jpg,OK,156.4,157.6,-0.7
https://talleresdeteatro.es/wp-content/uploads/2023/12/PXL_20230621_184616964-Large-1.jpeg,clase-teatro-barcelona-junio-2023-sesion-5-006.jpg,OK,183.7,185.4,-1.0
https://talleresdeteatro.es/wp-content/uploads/2023/12/PXL_20230621_185609165-Large-1.jpeg,clase-teatro-barcelona-junio-2023-sesion-5-007.jpg,OK,184.6,186.3,-0.9
https://talleresdeteatro.es/wp-content/uploads/2023/12/PXL_20230621_193350216-Large-1.jpeg,clase-teatro-barcelona-junio-2023-sesion-5-008.jpg,OK,215.2,217.6,-1.1
https://talleresdeteatro.es/wp-content/uploads/2023/12/PXL_20230621_194332762-Large-1.jpeg,clase-teatro-barcelona-junio-2023-sesion-5-009.jpg,OK,172.7,174.7,-1.2
https://talleresdeteatro.es/wp-content/uploads/2023/12/PXL_20230621_194345521-Large-1.jpeg,clase-teatro-barcelona-junio-2023-sesion-5-010.jpg,OK,196.7,198.5,-0.9
https://talleresdeteatro.es/wp-content/uploads/2023/12/PXL_20230621_194500304-Large-1.jpeg,clase-teatro-barcelona-junio-2023-sesion-5-011.jpg,OK,152.0,153.6,-1.1
https://talleresdeteatro.es/wp-content/uploads/2023/12/PXL_20230621_194502825.MP-Large-1.jpeg,clase-teatro-barcelona-junio-2023-sesion-5-012.jpg,OK,241.0,242.8,-0.7
https://talleresdeteatro.es/wp-content/uploads/2023/12/PXL_20230621_200533266-Large-1.jpeg,clase-teatro-barcelona-junio-2023-sesion-5-013.jpg,OK,207.3,208.6,-0.6
https://talleresdeteatro.es/wp-content/uploads/2023/12/PXL_20230621_203148018.MP-Large-1.jpeg,clase-teatro-barcelona-junio-2023-sesion-5-014.jpg,OK,267.5,270.2,-1.0
https://talleresdeteatro.es/wp-content/uploads/2023/12/PXL_20230627_173727494-Large-1.jpeg,clase-teatro-barcelona-junio-2023-sesion-final-001.jpg,OK,167.3,168.8,-0.9
https://talleresdeteatro.es/wp-content/uploads/2023/12/PXL_20230627_180445173-Large-1.jpeg,clase-teatro-barcelona-junio-2023-sesion-final-002.jpg,OK,182.3,184.3,-1.1
https://talleresdeteatro.es/wp-content/uploads/2023/12/PXL_20230627_182956069-Large.jpeg,clase-teatro-barcelona-junio-2023-sesion-final-003.jpg,OK,194.5,196.4,-1.0
https://talleresdeteatro.es/wp-content/uploads/2023/12/PXL_20230627_182956069-Large-1.jpeg,clase-teatro-barcelona-junio-2023-sesion-final-004.jpg,OK,194.5,196.4,-1.0
https://talleresdeteatro.es/wp-content/uploads/2023/12/PXL_20230627_183215273-Large-1.jpeg,clase-teatro-barcelona-junio-2023-sesion-final-005.jpg,OK,170.3,172.3,-1.2
https://talleresdeteatro.es/wp-content/uploads/2023/12/PXL_20230627_183217729-Large-1.jpeg,clase-teatro-barcelona-junio-2023-sesion-final-006.jpg,OK,186.9,188.6,-0.9
https://talleresdeteatro.es/wp-content/uploads/2023/12/PXL_20230627_183546879-Large-1.jpeg,clase-teatro-barcelona-junio-2023-sesion-final-007.jpg,OK,229.4,231.0,-0.7
https://talleresdeteatro.es/wp-content/uploads/2023/12/PXL_20230627_183921351-Large-1.jpeg,clase-teatro-barcelona-junio-2023-sesion-final-008.jpg,OK,206.9,209.1,-1.1
https://talleresdeteatro.es/wp-content/uploads/2023/12/PXL_20230627_184324006-Large-1.jpeg,clase-teatro-barcelona-junio-2023-sesion-final-009.jpg,OK,140.2,142.0,-1.3
https://talleresdeteatro.es/wp-content/uploads/2023/12/PXL_20230627_185954370-Large-1.jpeg,clase-teatro-barcelona-junio-2023-sesion-final-010.jpg,OK,81.8,83.0,-1.5
https://talleresdeteatro.es/wp-content/uploads/2023/12/PXL_20230627_185956964-Large-1.jpeg,clase-teatro-barcelona-junio-2023-sesion-final-011.jpg,OK,129.1,130.3,-1.0
https://talleresdeteatro.es/wp-content/uploads/2023/12/PXL_20230627_190143851-Large-1.jpeg,clase-teatro-barcelona-junio-2023-sesion-final-012.jpg,OK,118.6,119.3,-0.6
https://talleresdeteatro.es/wp-content/uploads/2023/12/PXL_20230627_190557990-Large-1.jpeg,clase-teatro-barcelona-junio-2023-sesion-final-013.jpg,OK,82.8,84.0,-1.5
https://talleresdeteatro.es/wp-content/uploads/2023/12/PXL_20230627_190932617-Large-1.jpeg,clase-teatro-barcelona-junio-2023-sesion-final-014.jpg,OK,132.9,134.1,-0.9
https://talleresdeteatro.es/wp-content/uploads/2023/12/PXL_20230627_191420614-Large-1.jpeg,clase-teatro-barcelona-junio-2023-sesion-final-015.jpg,OK,143.2,144.5,-0.9
https://talleresdeteatro.es/wp-content/uploads/2023/12/PXL_20230627_191655888-Large-1.jpeg,clase-teatro-barcelona-junio-2023-sesion-final-016.jpg,OK,137.0,138.4,-1.0
https://talleresdeteatro.es/wp-content/uploads/2023/12/PXL_20230627_192125365-Large.jpeg,clase-teatro-barcelona-junio-2023-sesion-final-017.jpg,OK,167.0,168.7,-1.0
https://talleresdeteatro.es/wp-content/uploads/2023/12/PXL_20230627_192125365-Large-1.jpeg,clase-teatro-barcelona-junio-2023-sesion-final-018.jpg,OK,167.0,168.7,-1.0
https://talleresdeteatro.es/wp-content/uploads/2023/12/PXL_20230627_193429320-Large-1.jpeg,clase-teatro-barcelona-junio-2023-sesion-final-019.jpg,OK,196.1,198.7,-1.3
https://talleresdeteatro.es/wp-content/uploads/2023/12/PXL_20230627_193918058-Large-1.jpeg,clase-teatro-barcelona-junio-2023-sesion-final-020.jpg,OK,168.9,170.4,-0.9
https://talleresdeteatro.es/wp-content/uploads/2023/12/PXL_20230627_194733149-Large-1.jpeg,clase-teatro-barcelona-junio-2023-sesion-final-021.jpg,OK,58.8,59.7,-1.4
https://talleresdeteatro.es/wp-content/uploads/2023/12/PXL_20230627_195041406-Large-1.jpeg,clase-teatro-barcelona-junio-2023-sesion-final-022.jpg,OK,108.6,109.4,-0.7
https://talleresdeteatro.es/wp-content/uploads/2023/12/PXL_20230627_200505106-Large.jpeg,clase-teatro-barcelona-junio-2023-sesion-final-023.jpg,OK,188.5,189.6,-0.6
https://talleresdeteatro.es/wp-content/uploads/2023/12/PXL_20230627_200505106-Large-1.jpeg,clase-teatro-barcelona-junio-2023-sesion-final-024.jpg,OK,188.5,189.6,-0.6
https://talleresdeteatro.es/wp-content/uploads/2023/12/PXL_20230627_200741273-Large-1.jpeg,clase-teatro-barcelona-junio-2023-sesion-final-025.jpg,OK,186.9,187.9,-0.5
https://talleresdeteatro.es/wp-content/uploads/2023/12/PXL_20230627_200820677-Large-1.jpeg,clase-teatro-barcelona-junio-2023-sesion-final-026.jpg,OK,141.7,142.7,-0.7
https://talleresdeteatro.es/wp-content/uploads/2023/12/PXL_20230627_205719427-Large.jpeg,clase-teatro-barcelona-junio-2023-sesion-final-027.jpg,OK,275.5,278.8,-1.2
https://talleresdeteatro.es/wp-content/uploads/2023/12/PXL_20230627_205719427-Large-1.jpeg,clase-teatro-barcelona-junio-2023-sesion-final-028.jpg,OK,275.5,278.8,-1.2
https://talleresdeteatro.es/wp-content/uploads/2023/12/PXL_20230627_211118119-Large.jpeg,clase-teatro-barcelona-junio-2023-sesion-final-029.jpg,OK,271.3,274.8,-1.3
https://talleresdeteatro.es/wp-content/uploads/2023/12/PXL_20230627_211118119-Large-1.jpeg,clase-teatro-barcelona-junio-2023-sesion-final-030.jpg,OK,271.3,274.8,-1.3
https://talleresdeteatro.es/wp-content/uploads/2023/12/PXL_20231031_1919018552-Large-1.jpeg,clase-teatro-barcelona-octubre-2023-sesion-1-001.jpg,OK,196.9,199.8,-1.5
https://talleresdeteatro.es/wp-content/uploads/2023/12/PXL_20231031_1920382772-01-Large.jpeg,clase-teatro-barcelona-octubre-2023-sesion-1-002.jpg,OK,203.0,204.4,-0.7
https://talleresdeteatro.es/wp-content/uploads/2023/12/PXL_20231031_1920382772-01-Large-1.jpeg,clase-teatro-barcelona-octubre-2023-sesion-1-003.jpg,OK,203.0,204.4,-0.7
https://talleresdeteatro.es/wp-content/uploads/2023/12/PXL_20231031_192112648-Large-1.jpeg,clase-teatro-barcelona-octubre-2023-sesion-1-004.jpg,OK,452.0,457.2,-1.2
https://talleresdeteatro.es/wp-content/uploads/2023/12/PXL_20231031_192152885.MP2-01-Large.jpeg,clase-teatro-barcelona-octubre-2023-sesion-1-005.jpg,OK,260.1,261.9,-0.7
https://talleresdeteatro.es/wp-content/uploads/2023/12/PXL_20231031_192152885.MP2-01-Large-1.jpeg,clase-teatro-barcelona-octubre-2023-sesion-1-006.jpg,OK,260.1,261.9,-0.7
https://talleresdeteatro.es/wp-content/uploads/2023/12/PXL_20231031_192152885.MP2-Large.jpeg,clase-teatro-barcelona-octubre-2023-sesion-1-007.jpg,OK,226.7,229.0,-1.0
https://talleresdeteatro.es/wp-content/uploads/2023/12/PXL_20231031_192152885.MP2-Large-1.jpeg,clase-teatro-barcelona-octubre-2023-sesion-1-008.jpg,OK,226.7,229.0,-1.0
https://talleresdeteatro.es/wp-content/uploads/2023/12/PXL_20231031_1923096512-Large.jpeg,clase-teatro-barcelona-octubre-2023-sesion-1-009.jpg,OK,183.1,186.3,-1.7
https://talleresdeteatro.es/wp-content/uploads/2023/12/PXL_20231031_1923096512-Large-1.jpeg,clase-teatro-barcelona-octubre-2023-sesion-1-010.jpg,OK,183.1,186.3,-1.7
https://talleresdeteatro.es/wp-content/uploads/2023/12/PXL_20231031_1928378112-Large.jpeg,clase-teatro-barcelona-octubre-2023-sesion-1-011.jpg,OK,205.1,207.7,-1.2
https://talleresdeteatro.es/wp-content/uploads/2023/12/PXL_20231031_1928378112-Large-1.jpeg,clase-teatro-barcelona-octubre-2023-sesion-1-012.jpg,OK,205.1,207.7,-1.2
https://talleresdeteatro.es/wp-content/uploads/2023/12/PXL_20231031_1937019013-Large.jpeg,clase-teatro-barcelona-octubre-2023-sesion-1-013.jpg,OK,253.9,257.4,-1.4
https://talleresdeteatro.es/wp-content/uploads/2023/12/PXL_20231031_1937019013-Large-1.jpeg,clase-teatro-barcelona-octubre-2023-sesion-1-014.jpg,OK,253.9,257.4,-1.4
https://talleresdeteatro.es/wp-content/uploads/2023/12/PXL_20231031_1937051502-Large.jpeg,clase-teatro-barcelona-octubre-2023-sesion-1-015.jpg,OK,111.6,111.8,-0.3
https://talleresdeteatro.es/wp-content/uploads/2023/12/PXL_20231031_1937051502-Large-1.jpeg,clase-teatro-barcelona-octubre-2023-sesion-1-016.jpg,OK,111.6,111.8,-0.3
https://talleresdeteatro.es/wp-content/uploads/2023/12/PXL_20231031_1937111532-Large.jpeg,clase-teatro-barcelona-octubre-2023-sesion-1-017.jpg,OK,241.3,244.1,-1.2
https://talleresdeteatro.es/wp-content/uploads/2023/12/PXL_20231031_1937111532-Large-1.jpeg,clase-teatro-barcelona-octubre-2023-sesion-1-018.jpg,OK,241.3,244.1,-1.2
https://talleresdeteatro.es/wp-content/uploads/2023/12/PXL_20231031_1945342243-01-Large.jpeg,clase-teatro-barcelona-octubre-2023-sesion-1-019.jpg,OK,137.6,138.8,-0.9
https://talleresdeteatro.es/wp-content/uploads/2023/12/PXL_20231031_1945342243-01-Large-1.jpeg,clase-teatro-barcelona-octubre-2023-sesion-1-020.jpg,OK,137.6,138.8,-0.9
https://talleresdeteatro.es/wp-content/uploads/2023/12/PXL_20231031_1945481933-Large.jpeg,clase-teatro-barcelona-octubre-2023-sesion-1-021.jpg,OK,199.0,201.0,-1.0
https://talleresdeteatro.es/wp-content/uploads/2023/12/PXL_20231031_1945481933-Large-1.jpeg,clase-teatro-barcelona-octubre-2023-sesion-1-022.jpg,OK,199.0,201.0,-1.0
https://talleresdeteatro.es/wp-content/uploads/2023/12/PXL_20231031_2001205832-Large.jpeg,clase-teatro-barcelona-octubre-2023-sesion-1-023.jpg,OK,102.1,102.9,-0.8
https://talleresdeteatro.es/wp-content/uploads/2023/12/PXL_20231031_2001205832-Large-1.jpeg,clase-teatro-barcelona-octubre-2023-sesion-1-024.jpg,OK,102.1,102.9,-0.8
https://talleresdeteatro.es/wp-content/uploads/2023/12/PXL_20231031_2004485703-Large.jpeg,clase-teatro-barcelona-octubre-2023-sesion-1-025.jpg,OK,259.3,261.9,-1.0
https://talleresdeteatro.es/wp-content/uploads/2023/12/PXL_20231031_2004485703-Large-1.jpeg,clase-teatro-barcelona-octubre-2023-sesion-1-026.jpg,OK,259.3,261.9,-1.0
https://talleresdeteatro.es/wp-content/uploads/2023/12/PXL_20231031_202548340_exported_stabilized_1698825197424-Large.jpeg,clase-teatro-barcelona-octubre-2023-sesion-1-027.jpg,OK,65.2,65.6,-0.7
https://talleresdeteatro.es/wp-content/uploads/2023/12/PXL_20231031_202548340_exported_stabilized_1698825197424-Large-1.jpeg,clase-teatro-barcelona-octubre-2023-sesion-1-028.jpg,OK,65.2,65.6,-0.7
https://talleresdeteatro.es/wp-content/uploads/2023/12/PXL_20231031_202557172-01-Large.jpeg,clase-teatro-barcelona-octubre-2023-sesion-1-029.jpg,OK,245.5,248.8,-1.4
https://talleresdeteatro.es/wp-content/uploads/2023/12/PXL_20231031_202557172-01-Large-1.jpeg,clase-teatro-barcelona-octubre-2023-sesion-1-030.jpg,OK,245.5,248.8,-1.4
https://talleresdeteatro.es/wp-content/uploads/2023/12/PXL_20231031_2031434912-Large.jpeg,clase-teatro-barcelona-octubre-2023-sesion-1-031.jpg,OK,201.2,204.5,-1.6
https://talleresdeteatro.es/wp-content/uploads/2023/12/PXL_20231031_2031434912-Large-1.jpeg,clase-teatro-barcelona-octubre-2023-sesion-1-032.jpg,OK,201.2,204.5,-1.6
https://talleresdeteatro.es/wp-content/uploads/2023/12/PXL_20231031_203251325-Large.jpeg,clase-teatro-barcelona-octubre-2023-sesion-1-033.jpg,OK,144.3,146.5,-1.5
https://talleresdeteatro.es/wp-content/uploads/2023/12/PXL_20231031_203251325-Large-1.jpeg,clase-teatro-barcelona-octubre-2023-sesion-1-034.jpg,OK,144.3,146.5,-1.5
https://talleresdeteatro.es/wp-content/uploads/2023/12/PXL_20231031_2033428112-Large-1.jpeg,clase-teatro-barcelona-octubre-2023-sesion-1-035.jpg,OK,251.5,255.7,-1.7
https://talleresdeteatro.es/wp-content/uploads/2023/12/PXL_20231107_193939858-Large.jpeg,clase-teatro-barcelona-noviembre-2023-sesion-1-001.jpg,OK,155.7,158.6,-1.8
